{
    "predict_accuracy": 0.0,
    "predict_bleu-4": 3.026687,
    "predict_rouge-1": 18.0194688,
    "predict_rouge-2": 3.0420461999999997,
    "predict_rouge-l": 12.361514799999998,
    "predict_runtime": 1401.5405,
    "predict_samples_per_second": 0.714,
    "predict_steps_per_second": 0.089
}